<?xml version="1.0" encoding="utf-8"?>
<openerp>
	
	<data noupdate="0">
	
		<!-- Salesman -->
		<record id="salesman_see_order_return_only" model="ir.rule">
       		<field name="name">Salesman See Order Return Only</field>
       		<field ref="sale_return.model_sale_return" name="model_id"/>
       		<field name="domain_force">['|',('warehouse_id','=',False),('warehouse_id','in',user.workplace_wh_ids.ids)]</field>
       		<field name="groups" eval="[(4, ref('base.group_sale_salesman'))]"/>
   		</record> 
   		
   		<!-- <record id="salesman_see_sale_return_report_only" model="ir.rule">
        	<field name="name">Salesman See Sale Return Report Only</field>
        	<field ref="general_sale_return.model_sale_return_report" name="model_id"/>
        	<field name="domain_force">['|',('sale_order_id','=',False),
	        	('sale_order_id.team_id','in',[int(s) for s in user.wh_ful_ids.split(',')])]</field>
        	<field name="groups" eval="[(4, ref('base.group_sale_salesman'))]"/>
	 	</record> -->
	 	
	 	<!-- Sale Leader -->
	 	<record id="sale_leader_see_order_return_teammate" model="ir.rule">
       		<field name="name">Sale Leader See Order Return Teammate</field>
       		<field ref="sale_return.model_sale_return" name="model_id"/>
       		<field name="domain_force">[
       				'|','|','|',('create_uid','=',user.id),
       							('user_id','=',user.id),
       							('user_id.sale_team_id.user_id','=', user.id),
       							('create_uid.sale_team_id.user_id','=', user.id)]</field>
       		<field name="groups" eval="[(4, ref('base.group_sale_salesman_all_leads'))]"/>
   		</record> 
   		
   		<!-- <record id="sale_leader_see_sale_return_report_teammate" model="ir.rule">
        	<field name="name">Sale Leader See Sale Return Report Teammate</field>
        	<field ref="general_sale_return.model_sale_return_report" name="model_id"/>
	        <field name="domain_force">['|',('team_id','=',False),('team_id.user_id','=',user.id)]</field>
        		        	
        	<field name="domain_force">['|',('warehouse_id','=',False),
	        	('warehouse_id','in',[int(s) for s in user.wh_ful_ids.split(',')])]</field>
        	<field name="groups" eval="[(4, ref('base.group_sale_salesman_all_leads'))]"/>
	 	</record> -->
	 	
	 	<!-- Sale Manager -->
	 	<!-- <record id="sale_order_see_all_return" model="ir.rule">
        	<field name="name">All Orders Return</field>
        	<field ref="general_sale_return.model_sale_return_report" name="model_id"/>
        	<field name="domain_force">['|',('warehouse_id','=',False),
	        	('warehouse_id','in',[int(s) for s in user.wh_ful_ids.split(',')])]</field>
        	<field name="groups" eval="[(4, ref('base.group_sale_manager'))]"/>
   		</record> -->
   		
   		<!-- <record id="sale_order_report_return_see_all" model="ir.rule">
        	<field name="name">All Orders Return Report</field>
        	<field ref="general_sale_return.model_sale_return_report" name="model_id"/>
        	<field name="domain_force">['|',('warehouse_id','=',False),
	        	('warehouse_id','in',[int(s) for s in user.wh_ful_ids.split(',')])]</field>
        	<field name="groups" eval="[(4, ref('base.group_sale_manager'))]"/>
   		</record> -->

	</data>
	<!-- <data noupdate="0">
		Category
		<record model="ir.module.category" id="module_category_sale_return">
            <field name="name">Returns to Supplier</field>
            <field name="description">Helps you manage your Requests Customer Returns processes and generate reports on those processes.</field>
            <field name="sequence">100</field>
        </record>
        
        Group
        <record id="group_requests_customer_return" model="res.groups">
	        <field name="name">Requests Customer Returns</field>
	        <field name="category_id" ref="module_category_sale_return"/>
	        <field name="implied_ids" eval="[(4, ref('base.group_user'))]"/>
	    </record>
		
		<record id="group_approve_customer_return" model="res.groups">
	        <field name="name">Approve Requests Customer Returns</field>
	        <field name="category_id" ref="module_category_sale_return"/>
	        <field name="implied_ids" eval="[(4, ref('group_requests_return_supplier'))]"/>
	        <field name="users" eval="[(4, ref('base.user_root'))]"/>
	    </record>
	    
		Profiles
    	<record id="profile_requests_customer_return" model="profile">
        	<field name="name">Requests Customer Returns</field>
	        <field name="groups_ids" eval="[(6, 0, [ref('group_requests_return_supplier')])]"/>
	        										
	        <field name="description">- Requests Return to Supplier</field>
	    </record>
	    
    	<record id="profile_approve_customer_return" model="profile">
        	<field name="name">Approve Requests Customer Returns</field>
	        <field name="groups_ids" eval="[(6, 0, [ref('group_requests_return_supplier'),
	        										ref('group_approve_return_supplier')])]"/>
	        <field name="description">- Approve Request Return to Supplier</field>
	    </record>
	</data>
	 -->
	<!-- 
	<data noupdate="1">
	    <record model="ir.rule" id="sale_return_comp_rule">
	        <field name="name">Requests Customer Returns multi-company</field>
	        <field name="model_id" ref="model_sale_return"/>
	        <field name="global" eval="True"/>
	        <field name="domain_force">['|',('company_id','=',False),('company_id','child_of',[user.company_id.id])]</field>
	    </record>
	
	    <record model="ir.rule" id="sale_return_line_comp_rule">
	        <field name="name">Requests Customer Returns Line multi-company</field>
	        <field name="model_id" ref="model_sale_return_line"/>
	        <field name="global" eval="True"/>
	        <field name="domain_force">['|',('company_id','=',False),('company_id','child_of',[user.company_id.id])]</field>
	    </record>
	
	    <record id="sale_return_personal_rule" model="ir.rule">
	        <field name="name">Personal Customer Returns</field>
	        <field ref="model_sale_return" name="model_id"/>
	        <field name="domain_force">['|',('create_uid','=',user.id),('create_uid','=',False)]</field>
	        <field name="groups" eval="[(4, ref('group_requests_return_supplier'))]"/>
	    </record>
	    
	    <record id="sale_return_see_all" model="ir.rule">
	        <field name="name">All Personal Customer Returns</field>
	        <field ref="model_sale_return" name="model_id"/>
	        <field name="domain_force">[(1,'=',1)]</field>
	        <field name="groups" eval="[(4, ref('group_approve_return_supplier'))]"/>
	    </record>
	    
	    <record id="sale_return_line_personal_rule" model="ir.rule">
	        <field name="name">Personal Customer Returns Lines</field>
	        <field ref="model_sale_return_line" name="model_id"/>
	        <field name="domain_force">['|',('order_id.create_uid','=',user.id),('order_id.create_uid','=',False)]</field>
	        <field name="groups" eval="[(4, ref('group_requests_return_supplier'))]"/>
	    </record>
	
	    <record id="sale_return_line_see_all" model="ir.rule">
	        <field name="name">All Customer Returns Lines</field>
	        <field ref="model_sale_return_line" name="model_id"/>
	        <field name="domain_force">[(1,'=',1)]</field>
	        <field name="groups" eval="[(4, ref('group_approve_return_supplier'))]"/>
	    </record>
	</data>-->
	
</openerp>